"","sample","forward","reverse"
"1","icddrb",12197659,12197659
"2","icddrb",12197659,3893495
"3","icddrb",3893495,1074307
"4","icddrb",3893495,5845399
"5","icddrb",1074307,7180691
"6","icddrb",1074307,7180691
"7","icddrb",5845399,8878348
"8","icddrb",5845399,2015213
"9","icddrb",7180691,8427141
"10","icddrb",7180691,9342641
"11","icddrb",8878348,1321400
"12","icddrb",8878348,5598532
"13","SRR6117460",2015213,3746781
"14","SRR6147472",8427141,11161344
"15","SRR6147581",9342641,3045081
"16","SRR6147587",1321400,1597322
"17","SRR6147945",5598532,2378388
"18","SRR6147964",3746781,6627377
"19","SRR6148259",11161344,6711982
"20","SRR6813716",3045081,1
"21","SRR6813717",1597322,1
"22","SRR6813718",2378388,1
"23","SRR6813719",6627377,1
"24","SRR7898459",6711982,1
